author_id,publication_credit,publication_rows,distinct_publications
https://openalex.org/A5110757928,2.0,2,2
https://openalex.org/A5015368206,2.0,2,2
https://openalex.org/A5034188804,1.8333333333333333,4,4
https://openalex.org/A5081804169,1.5,2,2
https://openalex.org/A5100407256,1.5,2,2
https://openalex.org/A5050617141,1.5,2,2
https://openalex.org/A5105520102,1.5,2,2
https://openalex.org/A5110292766,1.5,2,2
https://openalex.org/A5008884407,1.5,2,2
https://openalex.org/A5101636768,1.3333333333333333,2,2
https://openalex.org/A5038833815,1.3333333333333333,2,2
https://openalex.org/A5068473794,1.3333333333333333,3,3
https://openalex.org/A5052002773,1.25,2,2
https://openalex.org/A5061091114,1.25,2,2
https://openalex.org/A5110890240,1.0833333333333333,4,4
https://openalex.org/A5068841703,1.0333333333333332,3,3
https://openalex.org/A5029876284,1.0,1,1
https://openalex.org/A5026368219,1.0,1,1
https://openalex.org/A5084560473,1.0,1,1
https://openalex.org/A5031060924,1.0,1,1
https://openalex.org/A5026459722,1.0,1,1
https://openalex.org/A5080267776,1.0,1,1
https://openalex.org/A5081580175,1.0,1,1
https://openalex.org/A5027699625,1.0,1,1
https://openalex.org/A5081984835,1.0,1,1
https://openalex.org/A5024527703,1.0,1,1
https://openalex.org/A5025673319,1.0,1,1
https://openalex.org/A5054248988,1.0,1,1
https://openalex.org/A5023877118,1.0,1,1
https://openalex.org/A5021989383,1.0,1,1
https://openalex.org/A5088525682,1.0,1,1
https://openalex.org/A5089540762,1.0,1,1
https://openalex.org/A5031499086,1.0,1,1
https://openalex.org/A5018318531,1.0,1,1
https://openalex.org/A5100613689,1.0,1,1
https://openalex.org/A5015565298,1.0,1,1
https://openalex.org/A5015540898,1.0,1,1
https://openalex.org/A5101618437,1.0,1,1
https://openalex.org/A5101895488,1.0,2,2
https://openalex.org/A5013872875,1.0,1,1
https://openalex.org/A5013357244,1.0,1,1
https://openalex.org/A5102736016,1.0,2,2
https://openalex.org/A5102752404,1.0,2,2
https://openalex.org/A5089688599,1.0,1,1
https://openalex.org/A5035113852,1.0,1,1
https://openalex.org/A5032853617,1.0,1,1
https://openalex.org/A5064850830,1.0,1,1
https://openalex.org/A5045668905,1.0,1,1
https://openalex.org/A5047439313,1.0,1,1
https://openalex.org/A5047902435,1.0,1,1
https://openalex.org/A5048028100,1.0,1,1
https://openalex.org/A5065331580,1.0,1,1
https://openalex.org/A5050312988,1.0,1,1
https://openalex.org/A5052206803,1.0,1,1
https://openalex.org/A5034267514,1.0,1,1
https://openalex.org/A5062793544,1.0,1,1
https://openalex.org/A5054650430,1.0,1,1
https://openalex.org/A5055137491,1.0,2,2
https://openalex.org/A5056616451,1.0,1,1
https://openalex.org/A5057351414,1.0,1,1
https://openalex.org/A5058747364,1.0,1,1
https://openalex.org/A5068688918,1.0,1,1
https://openalex.org/A5069152451,1.0,2,2
https://openalex.org/A5069254285,1.0,1,1
https://openalex.org/A5069579613,1.0,1,1
https://openalex.org/A5070338370,1.0,1,1
https://openalex.org/A5042728762,1.0,1,1
https://openalex.org/A5042607289,1.0,1,1
https://openalex.org/A5071011494,1.0,1,1
https://openalex.org/A5037977205,1.0,2,2
https://openalex.org/A5037586596,1.0,1,1
https://openalex.org/A5073436761,1.0,1,1
https://openalex.org/A5073484628,1.0,1,1
https://openalex.org/A5036335335,1.0,1,1
https://openalex.org/A5036099970,1.0,1,1
https://openalex.org/A5035115733,1.0,2,2
https://openalex.org/A5009690081,1.0,1,1
https://openalex.org/A5075181534,1.0,2,2
https://openalex.org/A5102762244,1.0,1,1
https://openalex.org/A5027749081,1.0,1,1
https://openalex.org/A5108201743,1.0,1,1
https://openalex.org/A5004894435,1.0,1,1
https://openalex.org/A5109845047,1.0,1,1
https://openalex.org/A5109383262,1.0,1,1
https://openalex.org/A5008477154,1.0,1,1
https://openalex.org/A5114032531,1.0,1,1
https://openalex.org/A5110461946,1.0,1,1
https://openalex.org/A5112360343,1.0,1,1
https://openalex.org/A5008542297,0.9166666666666666,3,3
https://openalex.org/A5000219591,0.8333333333333333,2,2
https://openalex.org/A5005479172,0.8333333333333333,2,2
https://openalex.org/A5006723379,0.8333333333333333,2,2
https://openalex.org/A5076620159,0.8333333333333333,2,2
https://openalex.org/A5018766009,0.8333333333333333,2,2
https://openalex.org/A5038981520,0.8333333333333333,2,2
https://openalex.org/A5035270562,0.8333333333333333,2,2
https://openalex.org/A5008853797,0.8333333333333333,2,2
https://openalex.org/A5045847271,0.8333333333333333,2,2
https://openalex.org/A5088518091,0.8333333333333333,2,2
https://openalex.org/A5044124853,0.8333333333333333,2,2
https://openalex.org/A5001708196,0.8333333333333333,2,2
https://openalex.org/A5031378997,0.8333333333333333,2,2
https://openalex.org/A5033775028,0.8333333333333333,2,2
https://openalex.org/A5019266000,0.75,2,2
https://openalex.org/A5055911099,0.75,2,2
https://openalex.org/A5030179737,0.75,2,2
https://openalex.org/A5016570570,0.75,2,2
https://openalex.org/A5036721922,0.75,2,2
https://openalex.org/A5028610940,0.75,2,2
https://openalex.org/A5005139544,0.75,3,3
https://openalex.org/A5025896273,0.75,2,2
https://openalex.org/A5064627227,0.75,2,2
https://openalex.org/A5011710497,0.6666666666666666,2,2
https://openalex.org/A5108736027,0.6666666666666666,2,2
https://openalex.org/A5107790706,0.6666666666666666,2,2
https://openalex.org/A5072573663,0.6666666666666666,2,2
https://openalex.org/A5114167505,0.6666666666666666,2,2
https://openalex.org/A5079164180,0.6666666666666666,2,2
https://openalex.org/A5112876685,0.6666666666666666,2,2
https://openalex.org/A5072596927,0.6666666666666666,2,2
https://openalex.org/A5108808440,0.6666666666666666,2,2
https://openalex.org/A5037879038,0.5833333333333333,2,2
https://openalex.org/A5062865486,0.5833333333333333,2,2
https://openalex.org/A5074532835,0.5833333333333333,2,2
https://openalex.org/A5066651507,0.5833333333333333,2,2
https://openalex.org/A5088803982,0.5833333333333333,2,2
https://openalex.org/A5050249057,0.5833333333333333,2,2
https://openalex.org/A5104311827,0.5833333333333333,2,2
https://openalex.org/A5023417873,0.5833333333333333,2,2
https://openalex.org/A5015385500,0.5833333333333333,2,2
https://openalex.org/A5069702396,0.5833333333333333,2,2
https://openalex.org/A5035713394,0.5833333333333333,2,2
https://openalex.org/A5048975268,0.5833333333333333,2,2
https://openalex.org/A5048907678,0.5,1,1
https://openalex.org/A5033776983,0.5,1,1
https://openalex.org/A5032070172,0.5,1,1
https://openalex.org/A5077051381,0.5,1,1
https://openalex.org/A5076053703,0.5,1,1
https://openalex.org/A5065795188,0.5,1,1
https://openalex.org/A5033170132,0.5,1,1
https://openalex.org/A5032715383,0.5,1,1
https://openalex.org/A5076458548,0.5,1,1
https://openalex.org/A5009217072,0.5,1,1
https://openalex.org/A5031353967,0.5,2,2
https://openalex.org/A5077942930,0.5,1,1
https://openalex.org/A5031935849,0.5,1,1
https://openalex.org/A5027709084,0.5,1,1
https://openalex.org/A5027766661,0.5,1,1
https://openalex.org/A5028301115,0.5,1,1
https://openalex.org/A5082066585,0.5,1,1
https://openalex.org/A5028500177,0.5,1,1
https://openalex.org/A5028758097,0.5,1,1
https://openalex.org/A5006386333,0.5,1,1
https://openalex.org/A5065021032,0.5,1,1
https://openalex.org/A5081815445,0.5,1,1
https://openalex.org/A5109246100,0.5,2,2
https://openalex.org/A5001814138,0.5,1,1
https://openalex.org/A5109473006,0.5,1,1
https://openalex.org/A5080568246,0.5,1,1
https://openalex.org/A5109487336,0.5,1,1
https://openalex.org/A5079869901,0.5,1,1
https://openalex.org/A5050007961,0.5,1,1
https://openalex.org/A5030846737,0.5,1,1
https://openalex.org/A5030971821,0.5,1,1
https://openalex.org/A5079529779,0.5,1,1
https://openalex.org/A5065414610,0.5,1,1
https://openalex.org/A5031223075,0.5,1,1
https://openalex.org/A5078514269,0.5,1,1
https://openalex.org/A5075384062,0.5,1,1
https://openalex.org/A5077953163,0.5,1,1
https://openalex.org/A5031720355,0.5,1,1
https://openalex.org/A5033933430,0.5,1,1
https://openalex.org/A5035779310,0.5,1,1
https://openalex.org/A5110197205,0.5,1,1
https://openalex.org/A5045972447,0.5,1,1
https://openalex.org/A5039735566,0.5,1,1
https://openalex.org/A5039810991,0.5,1,1
https://openalex.org/A5072244236,0.5,1,1
https://openalex.org/A5068183735,0.5,1,1
https://openalex.org/A5072052080,0.5,1,1
https://openalex.org/A5040115988,0.5,1,1
https://openalex.org/A5046459628,0.5,1,1
https://openalex.org/A5071963996,0.5,1,1
https://openalex.org/A5071514259,0.5,1,1
https://openalex.org/A5041227485,0.5,1,1
https://openalex.org/A5071342540,0.5,1,1
https://openalex.org/A5071245522,0.5,1,1
https://openalex.org/A5071083801,0.5,1,1
https://openalex.org/A5072372983,0.5,1,1
https://openalex.org/A5041699820,0.5,1,1
https://openalex.org/A5042407637,0.5,1,1
https://openalex.org/A5111027708,0.5,1,1
https://openalex.org/A5002462799,0.5,1,1
https://openalex.org/A5111433522,0.5,2,2
https://openalex.org/A5070851058,0.5,1,1
https://openalex.org/A5070431242,0.5,1,1
https://openalex.org/A5070173304,0.5,1,1
https://openalex.org/A5112601724,0.5,1,1
https://openalex.org/A5043642376,0.5,1,1
https://openalex.org/A5044204764,0.5,1,1
https://openalex.org/A5003127862,0.5,1,1
https://openalex.org/A5039568553,0.5,1,1
https://openalex.org/A5072385109,0.5,1,1
https://openalex.org/A5005211868,0.5,1,1
https://openalex.org/A5047816793,0.5,1,1
https://openalex.org/A5034267813,0.5,1,1
https://openalex.org/A5034881399,0.5,1,1
https://openalex.org/A5110429533,0.5,1,1
https://openalex.org/A5066637889,0.5,1,1
https://openalex.org/A5074780652,0.5,1,1
https://openalex.org/A5074716987,0.5,1,1
https://openalex.org/A5035558349,0.5,1,1
https://openalex.org/A5082102506,0.5,1,1
https://openalex.org/A5113492498,0.5,1,1
https://openalex.org/A5035893290,0.5,1,1
https://openalex.org/A5074504183,0.5,1,1
https://openalex.org/A5004458281,0.5,1,1
https://openalex.org/A5036124513,0.5,1,1
https://openalex.org/A5038906363,0.5,1,1
https://openalex.org/A5073821458,0.5,1,1
https://openalex.org/A5036705801,0.5,1,1
https://openalex.org/A5110738785,0.5,1,1
https://openalex.org/A5037436675,0.5,1,1
https://openalex.org/A5037438854,0.5,1,1
https://openalex.org/A5067099605,0.5,1,1
https://openalex.org/A5072630168,0.5,1,1
https://openalex.org/A5110876638,0.5,1,1
https://openalex.org/A5038213734,0.5,1,1
https://openalex.org/A5038291213,0.5,1,1
https://openalex.org/A5072536686,0.5,1,1
https://openalex.org/A5003842285,0.5,1,1
https://openalex.org/A5109187860,0.5,1,1
https://openalex.org/A5050845326,0.5,1,1
https://openalex.org/A5082183388,0.5,1,1
https://openalex.org/A5016909522,0.5,1,1
https://openalex.org/A5101540394,0.5,1,1
https://openalex.org/A5101347000,0.5,1,1
https://openalex.org/A5101268967,0.5,1,1
https://openalex.org/A5100867741,0.5,1,1
https://openalex.org/A5060164893,0.5,1,1
https://openalex.org/A5106236188,0.5,1,1
https://openalex.org/A5100806869,0.5,1,1
https://openalex.org/A5015620609,0.5,1,1
https://openalex.org/A5015662394,0.5,1,1
https://openalex.org/A5100628689,0.5,1,1
https://openalex.org/A5008093575,0.5,1,1
https://openalex.org/A5016123684,0.5,1,1
https://openalex.org/A5016825204,0.5,1,1
https://openalex.org/A5001018029,0.5,1,1
https://openalex.org/A5020421565,0.5,1,1
https://openalex.org/A5060336122,0.5,1,1
https://openalex.org/A5056401159,0.5,1,1
https://openalex.org/A5060508704,0.5,1,1
https://openalex.org/A5090212035,0.5,1,1
https://openalex.org/A5090121380,0.5,1,1
https://openalex.org/A5089749790,0.5,1,1
https://openalex.org/A5050589782,0.5,1,1
https://openalex.org/A5060908738,0.5,1,1
https://openalex.org/A5019340435,0.5,1,1
https://openalex.org/A5061080118,0.5,1,1
https://openalex.org/A5089060443,0.5,1,1
https://openalex.org/A5001146228,0.5,1,1
https://openalex.org/A5055045322,0.5,1,1
https://openalex.org/A5008476081,0.5,1,1
https://openalex.org/A5101824558,0.5,1,1
https://openalex.org/A5101913108,0.5,1,1
https://openalex.org/A5008634549,0.5,1,1
https://openalex.org/A5009825115,0.5,1,1
https://openalex.org/A5009887553,0.5,1,1
https://openalex.org/A5103963319,0.5,1,1
https://openalex.org/A5009936400,0.5,1,1
https://openalex.org/A5058726534,0.5,1,1
https://openalex.org/A5009974197,0.5,1,1
https://openalex.org/A5010018624,0.5,1,1
https://openalex.org/A5103503282,0.5,1,1
https://openalex.org/A5010739214,0.5,1,1
https://openalex.org/A5010892355,0.5,1,1
https://openalex.org/A5011019492,0.5,1,1
https://openalex.org/A5011231051,0.5,1,1
https://openalex.org/A5057886841,0.5,1,1
https://openalex.org/A5057623362,0.5,1,1
https://openalex.org/A5011810945,0.5,1,1
https://openalex.org/A5104099849,0.5,1,1
https://openalex.org/A5059334999,0.5,1,1
https://openalex.org/A5057559027,0.5,1,1
https://openalex.org/A5012301204,0.5,1,1
https://openalex.org/A5102705133,0.5,1,1
https://openalex.org/A5057324053,0.5,1,1
https://openalex.org/A5013220708,0.5,1,1
https://openalex.org/A5059668643,0.5,1,1
https://openalex.org/A5059826357,0.5,1,1
https://openalex.org/A5102012224,0.5,1,1
https://openalex.org/A5102006276,0.5,1,1
https://openalex.org/A5013660441,0.5,1,1
https://openalex.org/A5113890882,0.5,2,2
https://openalex.org/A5089704541,0.5,1,1
https://openalex.org/A5085852122,0.5,1,1
https://openalex.org/A5086784344,0.5,1,1
https://openalex.org/A5063843693,0.5,1,1
https://openalex.org/A5064041384,0.5,1,1
https://openalex.org/A5024020324,0.5,1,1
https://openalex.org/A5085904244,0.5,1,1
https://openalex.org/A5085744956,0.5,1,1
https://openalex.org/A5001530922,0.5,1,1
https://openalex.org/A5113776429,0.5,1,1
https://openalex.org/A5085589859,0.5,1,1
https://openalex.org/A5024841908,0.5,1,1
https://openalex.org/A5051744643,0.5,2,2
https://openalex.org/A5025139583,0.5,1,1
https://openalex.org/A5085108704,0.5,1,1
https://openalex.org/A5025513758,0.5,1,1
https://openalex.org/A5084973655,0.5,1,1
https://openalex.org/A5006869951,0.5,1,1
https://openalex.org/A5064401551,0.5,1,1
https://openalex.org/A5064566102,0.5,1,1
https://openalex.org/A5026004721,0.5,1,1
https://openalex.org/A5026074975,0.5,1,1
https://openalex.org/A5083851284,0.5,1,1
https://openalex.org/A5083809505,0.5,1,1
https://openalex.org/A5051352236,0.5,1,1
https://openalex.org/A5050947459,0.5,1,1
https://openalex.org/A5068789025,0.5,1,1
https://openalex.org/A5113689199,0.5,1,1
https://openalex.org/A5027209780,0.5,1,1
https://openalex.org/A5027301044,0.5,1,1
https://openalex.org/A5086628317,0.5,1,1
https://openalex.org/A5112433548,0.5,1,1
https://openalex.org/A5087413520,0.5,1,1
https://openalex.org/A5061629884,0.5,1,1
https://openalex.org/A5087385172,0.5,1,1
https://openalex.org/A5054685521,0.5,1,1
https://openalex.org/A5087933968,0.5,1,1
https://openalex.org/A5087773380,0.5,1,1
https://openalex.org/A5001234997,0.5,1,1
https://openalex.org/A5021218137,0.5,1,1
https://openalex.org/A5021614692,0.5,1,1
https://openalex.org/A5022209504,0.5,1,1
https://openalex.org/A5036746220,0.45,2,2
https://openalex.org/A5060691488,0.45,2,2
https://openalex.org/A5029839974,0.45,2,2
https://openalex.org/A5004443266,0.45,2,2
https://openalex.org/A5059002981,0.3333333333333333,1,1
https://openalex.org/A5064695397,0.3333333333333333,1,1
https://openalex.org/A5059235294,0.3333333333333333,1,1
https://openalex.org/A5113586570,0.3333333333333333,1,1
https://openalex.org/A5060678915,0.3333333333333333,1,1
https://openalex.org/A5113845776,0.3333333333333333,1,1
https://openalex.org/A5068502837,0.3333333333333333,1,1
https://openalex.org/A5064750644,0.3333333333333333,1,1
https://openalex.org/A5068676889,0.3333333333333333,1,1
https://openalex.org/A5112459695,0.3333333333333333,1,1
https://openalex.org/A5064877870,0.3333333333333333,1,1
https://openalex.org/A5061431716,0.3333333333333333,1,1
https://openalex.org/A5066062419,0.3333333333333333,1,1
https://openalex.org/A5061638954,0.3333333333333333,1,1
https://openalex.org/A5068354764,0.3333333333333333,1,1
https://openalex.org/A5063124574,0.3333333333333333,1,1
https://openalex.org/A5063379043,0.3333333333333333,1,1
https://openalex.org/A5065746928,0.3333333333333333,1,1
https://openalex.org/A5062549354,0.3333333333333333,1,1
https://openalex.org/A5060210915,0.3333333333333333,1,1
https://openalex.org/A5065653856,0.3333333333333333,1,1
https://openalex.org/A5066892657,0.3333333333333333,1,1
https://openalex.org/A5113499365,0.3333333333333333,1,1
https://openalex.org/A5062304481,0.3333333333333333,1,1
https://openalex.org/A5060101593,0.3333333333333333,1,1
https://openalex.org/A5062277191,0.3333333333333333,1,1
https://openalex.org/A5064220117,0.3333333333333333,1,1
https://openalex.org/A5060273071,0.3333333333333333,1,1
https://openalex.org/A5064350880,0.3333333333333333,1,1
https://openalex.org/A5059335280,0.3333333333333333,1,1
https://openalex.org/A5060447177,0.3333333333333333,1,1
https://openalex.org/A5065807417,0.3333333333333333,1,1
https://openalex.org/A5060602377,0.3333333333333333,1,1
https://openalex.org/A5061265276,0.3333333333333333,1,1
https://openalex.org/A5077391457,0.3333333333333333,1,1
https://openalex.org/A5068818330,0.3333333333333333,1,1
https://openalex.org/A5086010475,0.3333333333333333,1,1
https://openalex.org/A5090112657,0.3333333333333333,1,1
https://openalex.org/A5090034574,0.3333333333333333,1,1
https://openalex.org/A5108251802,0.3333333333333333,1,1
https://openalex.org/A5108269612,0.3333333333333333,1,1
https://openalex.org/A5088906553,0.3333333333333333,1,1
https://openalex.org/A5088867825,0.3333333333333333,1,1
https://openalex.org/A5088707502,0.3333333333333333,1,1
https://openalex.org/A5108640318,0.3333333333333333,1,1
https://openalex.org/A5088068145,0.3333333333333333,1,1
https://openalex.org/A5087954992,0.3333333333333333,1,1
https://openalex.org/A5087823582,0.3333333333333333,1,1
https://openalex.org/A5087765461,0.3333333333333333,1,1
https://openalex.org/A5087614198,0.3333333333333333,1,1
https://openalex.org/A5087481156,0.3333333333333333,1,1
https://openalex.org/A5087261858,0.3333333333333333,1,1
https://openalex.org/A5086944124,0.3333333333333333,1,1
https://openalex.org/A5086824450,0.3333333333333333,1,1
https://openalex.org/A5086789254,0.3333333333333333,1,1
https://openalex.org/A5086696679,0.3333333333333333,1,1
https://openalex.org/A5086597108,0.3333333333333333,1,1
https://openalex.org/A5086420622,0.3333333333333333,1,1
https://openalex.org/A5090790676,0.3333333333333333,1,1
https://openalex.org/A5091093660,0.3333333333333333,1,1
https://openalex.org/A5091125213,0.3333333333333333,1,1
https://openalex.org/A5102371604,0.3333333333333333,1,1
https://openalex.org/A5103949049,0.3333333333333333,1,1
https://openalex.org/A5103728183,0.3333333333333333,1,1
https://openalex.org/A5103459842,0.3333333333333333,1,1
https://openalex.org/A5103269921,0.3333333333333333,1,1
https://openalex.org/A5103006570,0.3333333333333333,1,1
https://openalex.org/A5102947185,0.3333333333333333,1,1
https://openalex.org/A5102753857,0.3333333333333333,1,1
https://openalex.org/A5104110709,0.3333333333333333,1,1
https://openalex.org/A5102627651,0.3333333333333333,1,1
https://openalex.org/A5102254250,0.3333333333333333,1,1
https://openalex.org/A5091146010,0.3333333333333333,1,1
https://openalex.org/A5102175363,0.3333333333333333,1,1
https://openalex.org/A5102023188,0.3333333333333333,1,1
https://openalex.org/A5101837755,0.3333333333333333,1,1
https://openalex.org/A5105787919,0.3333333333333333,1,1
https://openalex.org/A5108135991,0.3333333333333333,1,1
https://openalex.org/A5100364764,0.3333333333333333,1,1
https://openalex.org/A5098271094,0.3333333333333333,1,1
https://openalex.org/A5091854898,0.3333333333333333,1,1
https://openalex.org/A5091434670,0.3333333333333333,1,1
https://openalex.org/A5086249508,0.3333333333333333,1,1
https://openalex.org/A5108897285,0.3333333333333333,1,1
https://openalex.org/A5112033267,0.3333333333333333,1,1
https://openalex.org/A5085712129,0.3333333333333333,1,1
https://openalex.org/A5076939941,0.3333333333333333,1,1
https://openalex.org/A5110071008,0.3333333333333333,1,1
https://openalex.org/A5076453234,0.3333333333333333,1,1
https://openalex.org/A5075956932,0.3333333333333333,1,1
https://openalex.org/A5075198773,0.3333333333333333,1,1
https://openalex.org/A5074829496,0.3333333333333333,1,1
https://openalex.org/A5074650103,0.3333333333333333,1,1
https://openalex.org/A5073924890,0.3333333333333333,1,1
https://openalex.org/A5073690426,0.3333333333333333,1,1
https://openalex.org/A5072803295,0.3333333333333333,1,1
https://openalex.org/A5110740830,0.3333333333333333,1,1
https://openalex.org/A5072791098,0.3333333333333333,1,1
https://openalex.org/A5072108441,0.3333333333333333,1,1
https://openalex.org/A5072023922,0.3333333333333333,1,1
https://openalex.org/A5071189324,0.3333333333333333,1,1
https://openalex.org/A5071180534,0.3333333333333333,1,1
https://openalex.org/A5111210370,0.3333333333333333,1,1
https://openalex.org/A5070982351,0.3333333333333333,1,1
https://openalex.org/A5111888408,0.3333333333333333,1,1
https://openalex.org/A5069962916,0.3333333333333333,1,1
https://openalex.org/A5069915922,0.3333333333333333,1,1
https://openalex.org/A5104054075,0.3333333333333333,1,1
https://openalex.org/A5077591372,0.3333333333333333,1,1
https://openalex.org/A5078295686,0.3333333333333333,1,1
https://openalex.org/A5109036371,0.3333333333333333,1,1
https://openalex.org/A5085421549,0.3333333333333333,1,1
https://openalex.org/A5085395737,0.3333333333333333,1,1
https://openalex.org/A5085160521,0.3333333333333333,1,1
https://openalex.org/A5084716352,0.3333333333333333,1,1
https://openalex.org/A5084255250,0.3333333333333333,1,1
https://openalex.org/A5084052209,0.3333333333333333,1,1
https://openalex.org/A5083903956,0.3333333333333333,1,1
https://openalex.org/A5108935872,0.3333333333333333,1,1
https://openalex.org/A5083786256,0.3333333333333333,1,1
https://openalex.org/A5083733019,0.3333333333333333,1,1
https://openalex.org/A5079453665,0.3333333333333333,1,1
https://openalex.org/A5083502022,0.3333333333333333,1,1
https://openalex.org/A5082677079,0.3333333333333333,1,1
https://openalex.org/A5082232355,0.3333333333333333,1,1
https://openalex.org/A5058567202,0.3333333333333333,1,1
https://openalex.org/A5081886594,0.3333333333333333,1,1
https://openalex.org/A5081434295,0.3333333333333333,1,1
https://openalex.org/A5081402144,0.3333333333333333,1,1
https://openalex.org/A5080278497,0.3333333333333333,1,1
https://openalex.org/A5079723092,0.3333333333333333,1,1
https://openalex.org/A5058646409,0.3333333333333333,1,1
https://openalex.org/A5120224827,0.3333333333333333,1,1
https://openalex.org/A5040625352,0.3333333333333333,1,1
https://openalex.org/A5036109808,0.3333333333333333,1,1
https://openalex.org/A5038071846,0.3333333333333333,1,1
https://openalex.org/A5037882230,0.3333333333333333,1,1
https://openalex.org/A5037672345,0.3333333333333333,1,1
https://openalex.org/A5037624097,0.3333333333333333,1,1
https://openalex.org/A5037157445,0.3333333333333333,1,1
https://openalex.org/A5013535154,0.3333333333333333,1,1
https://openalex.org/A5014156593,0.3333333333333333,1,1
https://openalex.org/A5014426024,0.3333333333333333,1,1
https://openalex.org/A5014463688,0.3333333333333333,1,1
https://openalex.org/A5036094575,0.3333333333333333,1,1
https://openalex.org/A5033481934,0.3333333333333333,1,1
https://openalex.org/A5035789875,0.3333333333333333,1,1
https://openalex.org/A5035528559,0.3333333333333333,1,1
https://openalex.org/A5035282458,0.3333333333333333,1,1
https://openalex.org/A5035252650,0.3333333333333333,1,1
https://openalex.org/A5034825454,0.3333333333333333,1,1
https://openalex.org/A5034392804,0.3333333333333333,1,1
https://openalex.org/A5034114136,0.3333333333333333,1,1
https://openalex.org/A5015066491,0.3333333333333333,1,1
https://openalex.org/A5015152309,0.3333333333333333,1,1
https://openalex.org/A5038577095,0.3333333333333333,1,1
https://openalex.org/A5038931983,0.3333333333333333,1,1
https://openalex.org/A5013532501,0.3333333333333333,1,1
https://openalex.org/A5039852595,0.3333333333333333,1,1
https://openalex.org/A5043222365,0.3333333333333333,1,1
https://openalex.org/A5009943212,0.3333333333333333,1,1
https://openalex.org/A5043061125,0.3333333333333333,1,1
https://openalex.org/A5010371155,0.3333333333333333,1,1
https://openalex.org/A5042928851,0.3333333333333333,1,1
https://openalex.org/A5011506926,0.3333333333333333,1,1
https://openalex.org/A5011797407,0.3333333333333333,1,1
https://openalex.org/A5011846247,0.3333333333333333,1,1
https://openalex.org/A5041645277,0.3333333333333333,1,1
https://openalex.org/A5041492866,0.3333333333333333,1,1
https://openalex.org/A5012498180,0.3333333333333333,1,1
https://openalex.org/A5041414868,0.3333333333333333,1,1
https://openalex.org/A5012507313,0.3333333333333333,1,1
https://openalex.org/A5013039531,0.3333333333333333,1,1
https://openalex.org/A5040639325,0.3333333333333333,1,1
https://openalex.org/A5013077462,0.3333333333333333,1,1
https://openalex.org/A5023418104,0.3333333333333333,1,1
https://openalex.org/A5040258786,0.3333333333333333,1,1
https://openalex.org/A5039951451,0.3333333333333333,1,1
https://openalex.org/A5033808702,0.3333333333333333,1,1
https://openalex.org/A5032756471,0.3333333333333333,1,1
https://openalex.org/A5043629285,0.3333333333333333,1,1
https://openalex.org/A5024704041,0.3333333333333333,1,1
https://openalex.org/A5020492906,0.3333333333333333,1,1
https://openalex.org/A5026373863,0.3333333333333333,1,1
https://openalex.org/A5026121976,0.3333333333333333,1,1
https://openalex.org/A5026108678,0.3333333333333333,1,1
https://openalex.org/A5025779008,0.3333333333333333,1,1
https://openalex.org/A5021169610,0.3333333333333333,1,1
https://openalex.org/A5022100892,0.3333333333333333,1,1
https://openalex.org/A5025119875,0.3333333333333333,1,1
https://openalex.org/A5024894168,0.3333333333333333,1,1
https://openalex.org/A5024608138,0.3333333333333333,1,1
https://openalex.org/A5015745811,0.3333333333333333,1,1
https://openalex.org/A5022154215,0.3333333333333333,1,1
https://openalex.org/A5022195954,0.3333333333333333,1,1
https://openalex.org/A5024401559,0.3333333333333333,1,1
https://openalex.org/A5024330362,0.3333333333333333,1,1
https://openalex.org/A5022533848,0.3333333333333333,1,1
https://openalex.org/A5023915360,0.3333333333333333,1,1
https://openalex.org/A5022620946,0.3333333333333333,1,1
https://openalex.org/A5022836714,0.3333333333333333,1,1
https://openalex.org/A5023665420,0.3333333333333333,1,1
https://openalex.org/A5020415002,0.3333333333333333,1,1
https://openalex.org/A5019944955,0.3333333333333333,1,1
https://openalex.org/A5027505343,0.3333333333333333,1,1
https://openalex.org/A5027585700,0.3333333333333333,1,1
https://openalex.org/A5032305122,0.3333333333333333,1,1
https://openalex.org/A5015847942,0.3333333333333333,1,1
https://openalex.org/A5032027544,0.3333333333333333,1,1
https://openalex.org/A5031549671,0.3333333333333333,1,1
https://openalex.org/A5031086310,0.3333333333333333,1,1
https://openalex.org/A5031015462,0.3333333333333333,1,1
https://openalex.org/A5030430452,0.3333333333333333,1,1
https://openalex.org/A5029970501,0.3333333333333333,1,1
https://openalex.org/A5018060531,0.3333333333333333,1,1
https://openalex.org/A5018624900,0.3333333333333333,1,1
https://openalex.org/A5029341996,0.3333333333333333,1,1
https://openalex.org/A5029339368,0.3333333333333333,1,1
https://openalex.org/A5019098448,0.3333333333333333,1,1
https://openalex.org/A5019290358,0.3333333333333333,1,1
https://openalex.org/A5029019200,0.3333333333333333,1,1
https://openalex.org/A5028927844,0.3333333333333333,1,1
https://openalex.org/A5028830302,0.3333333333333333,1,1
https://openalex.org/A5028461018,0.3333333333333333,1,1
https://openalex.org/A5027611167,0.3333333333333333,1,1
https://openalex.org/A5043560956,0.3333333333333333,1,1
https://openalex.org/A5023662404,0.3333333333333333,1,1
https://openalex.org/A5050308252,0.3333333333333333,1,1
https://openalex.org/A5001785296,0.3333333333333333,1,1
https://openalex.org/A5005323356,0.3333333333333333,1,1
https://openalex.org/A5005398233,0.3333333333333333,1,1
https://openalex.org/A5051392110,0.3333333333333333,1,1
https://openalex.org/A5051244066,0.3333333333333333,1,1
https://openalex.org/A5005535670,0.3333333333333333,1,1
https://openalex.org/A5001960719,0.3333333333333333,1,1
https://openalex.org/A5050344360,0.3333333333333333,1,1
https://openalex.org/A5056939079,0.3333333333333333,1,1
https://openalex.org/A5053992838,0.3333333333333333,1,1
https://openalex.org/A5005983059,0.3333333333333333,1,1
https://openalex.org/A5006074067,0.3333333333333333,1,1
https://openalex.org/A5056687695,0.3333333333333333,1,1
https://openalex.org/A5056779507,0.3333333333333333,1,1
https://openalex.org/A5049301202,0.3333333333333333,1,1
https://openalex.org/A5051737062,0.3333333333333333,1,1
https://openalex.org/A5055975423,0.3333333333333333,1,1
https://openalex.org/A5004613422,0.3333333333333333,1,1
https://openalex.org/A5055944249,0.3333333333333333,1,1
https://openalex.org/A5002267514,0.3333333333333333,1,1
https://openalex.org/A5004403552,0.3333333333333333,1,1
https://openalex.org/A5055818260,0.3333333333333333,1,1
https://openalex.org/A5052905102,0.3333333333333333,1,1
https://openalex.org/A5002374012,0.3333333333333333,1,1
https://openalex.org/A5055373458,0.3333333333333333,1,1
https://openalex.org/A5003122157,0.3333333333333333,1,1
https://openalex.org/A5052994769,0.3333333333333333,1,1
https://openalex.org/A5053137333,0.3333333333333333,1,1
https://openalex.org/A5003301823,0.3333333333333333,1,1
https://openalex.org/A5003469200,0.3333333333333333,1,1
https://openalex.org/A5003411742,0.3333333333333333,1,1
https://openalex.org/A5053504813,0.3333333333333333,1,1
https://openalex.org/A5001676613,0.3333333333333333,1,1
https://openalex.org/A5053993503,0.3333333333333333,1,1
https://openalex.org/A5006705660,0.3333333333333333,1,1
https://openalex.org/A5045735744,0.3333333333333333,1,1
https://openalex.org/A5008347342,0.3333333333333333,1,1
https://openalex.org/A5008452204,0.3333333333333333,1,1
https://openalex.org/A5046531208,0.3333333333333333,1,1
https://openalex.org/A5046130488,0.3333333333333333,1,1
https://openalex.org/A5057889850,0.3333333333333333,1,1
https://openalex.org/A5048401838,0.3333333333333333,1,1
https://openalex.org/A5045271714,0.3333333333333333,1,1
https://openalex.org/A5007857290,0.3333333333333333,1,1
https://openalex.org/A5045073684,0.3333333333333333,1,1
https://openalex.org/A5044457923,0.3333333333333333,1,1
https://openalex.org/A5044432173,0.3333333333333333,1,1
https://openalex.org/A5000394343,0.3333333333333333,1,1
https://openalex.org/A5044251909,0.3333333333333333,1,1
https://openalex.org/A5008917461,0.3333333333333333,1,1
https://openalex.org/A5008222939,0.3333333333333333,1,1
https://openalex.org/A5045819334,0.3333333333333333,1,1
https://openalex.org/A5057813535,0.3333333333333333,1,1
https://openalex.org/A5057618616,0.3333333333333333,1,1
https://openalex.org/A5047967901,0.3333333333333333,1,1
https://openalex.org/A5047599158,0.3333333333333333,1,1
https://openalex.org/A5057284988,0.3333333333333333,1,1
https://openalex.org/A5057420798,0.3333333333333333,1,1
https://openalex.org/A5007751344,0.3333333333333333,1,1
https://openalex.org/A5006933400,0.3333333333333333,1,1
https://openalex.org/A5048278430,0.3333333333333333,1,1
https://openalex.org/A5087947383,0.25,1,1
https://openalex.org/A5022127778,0.25,1,1
https://openalex.org/A5019464182,0.25,1,1
https://openalex.org/A5003372251,0.25,1,1
https://openalex.org/A5000348305,0.25,1,1
https://openalex.org/A5112301651,0.25,1,1
https://openalex.org/A5002726046,0.25,1,1
https://openalex.org/A5019167991,0.25,1,1
https://openalex.org/A5003432485,0.25,1,1
https://openalex.org/A5001729664,0.25,1,1
https://openalex.org/A5002846836,0.25,1,1
https://openalex.org/A5022557040,0.25,1,1
https://openalex.org/A5112630193,0.25,1,1
https://openalex.org/A5001211242,0.25,1,1
https://openalex.org/A5088899354,0.25,1,1
https://openalex.org/A5019999334,0.25,1,1
https://openalex.org/A5020332447,0.25,1,1
https://openalex.org/A5021654025,0.25,1,1
https://openalex.org/A5113450091,0.25,1,1
https://openalex.org/A5001411218,0.25,1,1
https://openalex.org/A5088489492,0.25,1,1
https://openalex.org/A5022535113,0.25,1,1
https://openalex.org/A5021223042,0.25,1,1
https://openalex.org/A5021103343,0.25,1,1
https://openalex.org/A5020573430,0.25,1,1
https://openalex.org/A5021007506,0.25,1,1
https://openalex.org/A5008965781,0.25,1,1
https://openalex.org/A5004127248,0.25,1,1
https://openalex.org/A5018142846,0.25,1,1
https://openalex.org/A5006392283,0.25,1,1
https://openalex.org/A5005685692,0.25,1,1
https://openalex.org/A5101435735,0.25,1,1
https://openalex.org/A5015026927,0.25,1,1
https://openalex.org/A5015011907,0.25,1,1
https://openalex.org/A5014532616,0.25,1,1
https://openalex.org/A5101892422,0.25,1,1
https://openalex.org/A5109307691,0.25,1,1
https://openalex.org/A5013932798,0.25,1,1
https://openalex.org/A5013558969,0.25,1,1
https://openalex.org/A5006143371,0.25,1,1
https://openalex.org/A5006872584,0.25,1,1
https://openalex.org/A5018065081,0.25,1,1
https://openalex.org/A5007172071,0.25,1,1
https://openalex.org/A5013508626,0.25,1,1
https://openalex.org/A5007776666,0.25,1,1
https://openalex.org/A5108226522,0.25,1,1
https://openalex.org/A5012358025,0.25,1,1
https://openalex.org/A5012152759,0.25,1,1
https://openalex.org/A5104666069,0.25,1,1
https://openalex.org/A5011257369,0.25,1,1
https://openalex.org/A5010043276,0.25,1,1
https://openalex.org/A5008909945,0.25,1,1
https://openalex.org/A5101412590,0.25,1,1
https://openalex.org/A5110110305,0.25,1,1
https://openalex.org/A5004953557,0.25,1,1
https://openalex.org/A5110310024,0.25,1,1
https://openalex.org/A5111382231,0.25,1,1
https://openalex.org/A5017815556,0.25,1,1
https://openalex.org/A5091402180,0.25,1,1
https://openalex.org/A5017760946,0.25,1,1
https://openalex.org/A5091579832,0.25,1,1
https://openalex.org/A5091751584,0.25,1,1
https://openalex.org/A5091787564,0.25,1,1
https://openalex.org/A5017455709,0.25,1,1
https://openalex.org/A5017255691,0.25,1,1
https://openalex.org/A5100405681,0.25,1,1
https://openalex.org/A5016149057,0.25,1,1
https://openalex.org/A5100419210,0.25,1,1
https://openalex.org/A5003479610,0.25,1,1
https://openalex.org/A5008945530,0.25,1,1
https://openalex.org/A5004150571,0.25,1,1
https://openalex.org/A5004235086,0.25,1,1
https://openalex.org/A5100641858,0.25,1,1
https://openalex.org/A5100641859,0.25,1,1
https://openalex.org/A5100675180,0.25,1,1
https://openalex.org/A5100806806,0.25,1,1
https://openalex.org/A5015326615,0.25,1,1
https://openalex.org/A5058539967,0.25,1,1
https://openalex.org/A5082323302,0.25,1,1
https://openalex.org/A5041415653,0.25,1,1
https://openalex.org/A5070933865,0.25,1,1
https://openalex.org/A5067132695,0.25,1,1
https://openalex.org/A5067197927,0.25,1,1
https://openalex.org/A5067308552,0.25,1,1
https://openalex.org/A5045121765,0.25,1,1
https://openalex.org/A5044421873,0.25,1,1
https://openalex.org/A5069334537,0.25,1,1
https://openalex.org/A5044030849,0.25,1,1
https://openalex.org/A5069612742,0.25,1,1
https://openalex.org/A5069987310,0.25,1,1
https://openalex.org/A5070047769,0.25,1,1
https://openalex.org/A5043057615,0.25,1,1
https://openalex.org/A5070842422,0.25,1,1
https://openalex.org/A5042829335,0.25,1,1
https://openalex.org/A5042695170,0.25,1,1
https://openalex.org/A5067089128,0.25,1,1
https://openalex.org/A5042530592,0.25,1,1
https://openalex.org/A5041525656,0.25,1,1
https://openalex.org/A5071368132,0.25,1,1
https://openalex.org/A5071417682,0.25,1,1
https://openalex.org/A5071944732,0.25,1,1
https://openalex.org/A5040009364,0.25,1,1
https://openalex.org/A5039214168,0.25,1,1
https://openalex.org/A5072988684,0.25,1,1
https://openalex.org/A5073019130,0.25,1,1
https://openalex.org/A5073446068,0.25,1,1
https://openalex.org/A5036939043,0.25,1,1
https://openalex.org/A5036674340,0.25,1,1
https://openalex.org/A5036571204,0.25,1,1
https://openalex.org/A5047042545,0.25,1,1
https://openalex.org/A5066995465,0.25,1,1
https://openalex.org/A5035970655,0.25,1,1
https://openalex.org/A5062117713,0.25,1,1
https://openalex.org/A5058731829,0.25,1,1
https://openalex.org/A5059428122,0.25,1,1
https://openalex.org/A5056807369,0.25,1,1
https://openalex.org/A5060114340,0.25,1,1
https://openalex.org/A5056585923,0.25,1,1
https://openalex.org/A5055735447,0.25,1,1
https://openalex.org/A5055718351,0.25,1,1
https://openalex.org/A5055036967,0.25,1,1
https://openalex.org/A5054976699,0.25,1,1
https://openalex.org/A5061404675,0.25,1,1
https://openalex.org/A5054865844,0.25,1,1
https://openalex.org/A5061469773,0.25,1,1
https://openalex.org/A5054212764,0.25,1,1
https://openalex.org/A5063554414,0.25,1,1
https://openalex.org/A5066809274,0.25,1,1
https://openalex.org/A5063742954,0.25,1,1
https://openalex.org/A5063748244,0.25,1,1
https://openalex.org/A5052726702,0.25,1,1
https://openalex.org/A5051751338,0.25,1,1
https://openalex.org/A5064406662,0.25,1,1
https://openalex.org/A5051410001,0.25,1,1
https://openalex.org/A5050910881,0.25,1,1
https://openalex.org/A5049450575,0.25,1,1
https://openalex.org/A5065547191,0.25,1,1
https://openalex.org/A5065744102,0.25,1,1
https://openalex.org/A5048921177,0.25,1,1
https://openalex.org/A5066147381,0.25,1,1
https://openalex.org/A5047794657,0.25,1,1
https://openalex.org/A5074367035,0.25,1,1
https://openalex.org/A5000199749,0.25,1,1
https://openalex.org/A5025763050,0.25,1,1
https://openalex.org/A5030124458,0.25,1,1
https://openalex.org/A5025253567,0.25,1,1
https://openalex.org/A5025517678,0.25,1,1
https://openalex.org/A5030652976,0.25,1,1
https://openalex.org/A5084771969,0.25,1,1
https://openalex.org/A5081582389,0.25,1,1
https://openalex.org/A5026851601,0.25,1,1
https://openalex.org/A5030092162,0.25,1,1
https://openalex.org/A5085680686,0.25,1,1
https://openalex.org/A5080286488,0.25,1,1
https://openalex.org/A5080611961,0.25,1,1
https://openalex.org/A5080870096,0.25,1,1
https://openalex.org/A5026658285,0.25,1,1
https://openalex.org/A5025935625,0.25,1,1
https://openalex.org/A5081032399,0.25,1,1
https://openalex.org/A5079158335,0.25,1,1
https://openalex.org/A5082694584,0.25,1,1
https://openalex.org/A5078944096,0.25,1,1
https://openalex.org/A5032592807,0.25,1,1
https://openalex.org/A5086090084,0.25,1,1
https://openalex.org/A5075598023,0.25,1,1
https://openalex.org/A5076386647,0.25,1,1
https://openalex.org/A5082456527,0.25,1,1
https://openalex.org/A5086085902,0.25,1,1
https://openalex.org/A5081902989,0.25,1,1
https://openalex.org/A5024205940,0.25,1,1
https://openalex.org/A5032453039,0.25,1,1
https://openalex.org/A5032355441,0.25,1,1
https://openalex.org/A5029036509,0.25,1,1
https://openalex.org/A5031362210,0.25,1,1
https://openalex.org/A5024607016,0.25,1,1
https://openalex.org/A5025966998,0.25,1,1
https://openalex.org/A5063791392,0.2,1,1
https://openalex.org/A5110283028,0.2,1,1
https://openalex.org/A5065493456,0.2,1,1
https://openalex.org/A5051484328,0.2,1,1
https://openalex.org/A5083530241,0.2,1,1
https://openalex.org/A5074831509,0.2,1,1
https://openalex.org/A5003763829,0.2,1,1
https://openalex.org/A5053377530,0.2,1,1
https://openalex.org/A5111429542,0.2,1,1
https://openalex.org/A5025775055,0.2,1,1
https://openalex.org/A5006435210,0.2,1,1
https://openalex.org/A5054542670,0.2,1,1
https://openalex.org/A5085127484,0.2,1,1
https://openalex.org/A5055887515,0.2,1,1
https://openalex.org/A5087154846,0.2,1,1
https://openalex.org/A5086938626,0.2,1,1
https://openalex.org/A5058294933,0.2,1,1
https://openalex.org/A5048973444,0.2,1,1
https://openalex.org/A5065952526,0.2,1,1
https://openalex.org/A5058711207,0.2,1,1
https://openalex.org/A5008239895,0.2,1,1
https://openalex.org/A5075519075,0.2,1,1
https://openalex.org/A5015619212,0.2,1,1
https://openalex.org/A5032995479,0.2,1,1
https://openalex.org/A5073088056,0.2,1,1
https://openalex.org/A5032111306,0.2,1,1
https://openalex.org/A5012244489,0.2,1,1
https://openalex.org/A5031105273,0.2,1,1
https://openalex.org/A5017685817,0.2,1,1
https://openalex.org/A5079845832,0.2,1,1
https://openalex.org/A5080262984,0.2,1,1
https://openalex.org/A5011057726,0.2,1,1
https://openalex.org/A5091452468,0.2,1,1
https://openalex.org/A5080908193,0.2,1,1
https://openalex.org/A5090612972,0.2,1,1
https://openalex.org/A5009898049,0.2,1,1
https://openalex.org/A5007832073,0.2,1,1
https://openalex.org/A5108137093,0.2,1,1
https://openalex.org/A5074547328,0.2,1,1
https://openalex.org/A5086383420,0.2,1,1
https://openalex.org/A5053352252,0.16666666666666666,1,1
https://openalex.org/A5051571272,0.16666666666666666,1,1
https://openalex.org/A5076567350,0.16666666666666666,1,1
https://openalex.org/A5037148992,0.16666666666666666,1,1
https://openalex.org/A5050532576,0.16666666666666666,1,1
https://openalex.org/A5020244380,0.16666666666666666,1,1
https://openalex.org/A5105250655,0.16666666666666666,1,1
https://openalex.org/A5018846345,0.16666666666666666,1,1
https://openalex.org/A5019124017,0.16666666666666666,1,1
https://openalex.org/A5029232194,0.16666666666666666,1,1
https://openalex.org/A5019954750,0.16666666666666666,1,1
https://openalex.org/A5084179523,0.14285714285714285,1,1
https://openalex.org/A5062266354,0.14285714285714285,1,1
https://openalex.org/A5058346701,0.14285714285714285,1,1
https://openalex.org/A5004263269,0.14285714285714285,1,1
https://openalex.org/A5089283068,0.14285714285714285,1,1
https://openalex.org/A5026931667,0.14285714285714285,1,1
https://openalex.org/A5111807886,0.14285714285714285,1,1
https://openalex.org/A5056599871,0.14285714285714285,1,1
https://openalex.org/A5021604824,0.14285714285714285,1,1
https://openalex.org/A5031290357,0.14285714285714285,1,1
https://openalex.org/A5023874785,0.14285714285714285,1,1
https://openalex.org/A5063959224,0.14285714285714285,1,1
https://openalex.org/A5007787208,0.14285714285714285,1,1
https://openalex.org/A5019194541,0.14285714285714285,1,1
